<?xml version = "1.0" encoding = "utf-8"?>
<!DOCTYPE hibernate-configuration PUBLIC
          "-//Hibernate/Hibernate Configuration DTD 3.0//EN"
          "http://hibernate.sourceforge.net/hibernate-configuration-3.0.dtd">
<!-- Generated by MyEclipse Hibernate Tools.                   -->

<hibernate-configuration>
<session-factory>
	<property name="dialect">org.hibernate.dialect.MySQLDialect</property>
	<property name="connection.url">jdbc:mysql://localhost:3306/vacc</property>
	<property name="connection.username">root</property>
	<property name="connection.password">root</property>
	<property name="connection.driver_class">com.mysql.jdbc.Driver</property>
	<property name="hbm2ddl.auto">update</property>
	<property name="show_sql">true</property>
	<!-- 
	
	 -->
	<mapping class="parent.Parent"/>
	<mapping class="doctor.Doctor"/>
	<mapping class="appointment.Appointment"/>
	<mapping class="Vaccine.VaccineChart"/>
</session-factory>

</hibernate-configuration>

