<?xml version="1.0" encoding="UTF-8" ?>
<!DOCTYPE struts PUBLIC "-//Apache Software Foundation//DTD Struts Configuration 2.1//EN" "http://struts.apache.org/dtds/struts-2.1.dtd">
<struts>

	<package name="Admission"  extends="struts-default">
		<action name="UploadCertificate" class="parent.UploadCertificate" >
		<result name="success" type="redirect">/UploadCertificate.jsp?fid=2	</result>
		<result name="input">/UploadCertificate.jsp?fid=4</result>
		<result name="error">/UploadCertificate.jsp?fid=4</result>
	</action>		
	
	
	
	</package>

</struts>    
